{"cameraMode":{"drawMode":0,"name":"Shaded","section":"Shading Mode"},"sceneLighting":true,"audioPlay":false,"sceneViewState":{"m_AlwaysRefresh":false,"showFog":true,"showSkybox":true,"showFlares":true,"showImageEffects":true,"showParticleSystems":true,"showVisualEffectGraphs":true,"m_FxEnabled":false},"in2DMode":false,"pivot":{"x":7.324075698852539,"y":3.5868546962738039,"z":0.7321348190307617},"rotation":{"x":-0.10351434350013733,"y":-0.04564008116722107,"z":0.0047549959272146229,"w":-0.9935706853866577},"size":8.789783477783204,"orthographic":false}