{"cameraMode":{"drawMode":0,"name":"Shaded","section":"Shading Mode"},"sceneLighting":true,"audioPlay":false,"sceneViewState":{"m_AlwaysRefresh":false,"showFog":true,"showSkybox":true,"showFlares":true,"showImageEffects":true,"showParticleSystems":true,"showVisualEffectGraphs":true,"m_FxEnabled":false},"in2DMode":false,"pivot":{"x":0.7861819863319397,"y":2.6828413009643556,"z":-1.257852554321289},"rotation":{"x":-0.22924429178237916,"y":-0.008178556337952614,"z":0.0019263328285887838,"w":-0.9733327031135559},"size":9.870804786682129,"orthographic":false}