{"cameraMode":{"drawMode":0,"name":"Shaded","section":"Shading Mode"},"sceneLighting":true,"audioPlay":false,"sceneViewState":{"m_AlwaysRefresh":false,"showFog":true,"showSkybox":true,"showFlares":true,"showImageEffects":true,"showParticleSystems":true,"showVisualEffectGraphs":true,"m_FxEnabled":false},"in2DMode":false,"pivot":{"x":3.789121389389038,"y":-0.4504566192626953,"z":3.241788387298584},"rotation":{"x":-0.0023794735316187145,"y":0.9086156487464905,"z":-0.41760098934173586,"w":-0.005178367719054222},"size":16.22418785095215,"orthographic":false}